title,url
Open Men 100m Final 2022 Australian Track & Field Championships,https://www.youtube.com/watch?v=zNxi2s36tS0&pp=ygUXdHJhY2sgYW5kIGZpZWxkIHJ1bm5pbmc%3D
FASTEST 400 METERS OF 2024!!,https://www.youtube.com/watch?v=4pdFaO3Lfok&pp=ygUXdHJhY2sgYW5kIGZpZWxkIHJ1bm5pbmc%3D
U14 Men 100m Final 2022 Australian Track & Field Championships,https://www.youtube.com/watch?v=odn-aSWveIw&pp=ygUXdHJhY2sgYW5kIGZpZWxkIHJ1bm5pbmc%3D
Shelly-Ann Fraser-Pryce VS. Sha'Carri Richardson! || WOMEN'S 100 METERS - 2024 Paris Olympic Preview,https://www.youtube.com/watch?v=6vBzJRmImSQ&pp=ygUXdHJhY2sgYW5kIGZpZWxkIHJ1bm5pbmc%3D
International Youth Track & Field Championship 100m Semi Finals 8U,https://www.youtube.com/watch?v=mCWDDRwQ4Z0&pp=ygUXdHJhY2sgYW5kIGZpZWxkIHJ1bm5pbmc%3D
We've NEVER Seen This Happen In Track & Field... || Historic 800 Meters Goes Down In Paris,https://www.youtube.com/watch?v=X4Nhzq3-2wU&pp=ygUXdHJhY2sgYW5kIGZpZWxkIHJ1bm5pbmc%3D
Men's 4x100m Relay Final | World Athletics Championships Beijing 2015,https://www.youtube.com/watch?v=r-c3BQJqf3o&pp=ygUXdHJhY2sgYW5kIGZpZWxkIHJ1bm5pbmc%3D
This 5-Year-Old 200m Is Everything Great About Track,https://www.youtube.com/watch?v=LP0vl92xaik&pp=ygUXdHJhY2sgYW5kIGZpZWxkIHJ1bm5pbmc%3D
üöÄ 23 Top Sprint Finishes in Track & Field and Road History!,https://www.youtube.com/watch?v=FLj1f_WCCrE&pp=ygUXdHJhY2sgYW5kIGZpZWxkIHJ1bm5pbmc%3D
Paris Olympics 2024: 100m Sprint Preview,https://www.youtube.com/watch?v=f934CggdRJU&pp=ygUXdHJhY2sgYW5kIGZpZWxkIHJ1bm5pbmc%3D
Amazing Kick From 6-Year-Old For 800m National Record,https://www.youtube.com/watch?v=OCMRRp8wb00&pp=ygUXdHJhY2sgYW5kIGZpZWxkIHJ1bm5pbmc%3D
Women's 4x400m Relay Final | World Athletics Championships London 2017,https://www.youtube.com/watch?v=CAOmWs09FXU&pp=ygUXdHJhY2sgYW5kIGZpZWxkIHJ1bm5pbmc%3D
Women's 100m final üèÉ‚Äç‚ôÄÔ∏è | Tokyo Replays,https://www.youtube.com/watch?v=7pgoMCc08yA&pp=ygUXdHJhY2sgYW5kIGZpZWxkIHJ1bm5pbmc%3D
100-year-old and 102-year-old runners break world records,https://www.youtube.com/watch?v=tOzCoDvRqyk&pp=ygUXdHJhY2sgYW5kIGZpZWxkIHJ1bm5pbmc%3D
6ix Running Tips for Beginners || Improve your Track & Field Practices || Aaron Kingsley Brown,https://www.youtube.com/watch?v=G-gG7DoLe00&pp=ygUXdHJhY2sgYW5kIGZpZWxkIHJ1bm5pbmc%3D
8-Year-Old Drops Monster 800m Kick,https://www.youtube.com/watch?v=rD-dLHvgkUQ&pp=ygUXdHJhY2sgYW5kIGZpZWxkIHJ1bm5pbmc%3D
Middle & Long Distance Running: How to Teach / Coach (Track & Field - Athletics),https://www.youtube.com/watch?v=-5rMefWoYaY&pp=ygUXdHJhY2sgYW5kIGZpZWxkIHJ1bm5pbmc%3D
Men's mile - 2019 NCAA Indoor Track and Field Championship,https://www.youtube.com/watch?v=_vAv4pBTLoo&pp=ygUXdHJhY2sgYW5kIGZpZWxkIHJ1bm5pbmc%3D
ü§© Legendary Performances üî• EVERY Athletics Men's Olympic Record!,https://www.youtube.com/watch?v=Id1rwD0RU5k&pp=ygUXdHJhY2sgYW5kIGZpZWxkIHJ1bm5pbmc%3D
Meet The New Fastest Teenager In The World,https://www.youtube.com/watch?v=qML5QoGum2g&pp=ygUXdHJhY2sgYW5kIGZpZWxkIHJ1bm5pbmc%3D
The Fastest Man IN The World! || Noah Lyles VS. Kishane Thompson - 100 Meter Breakdown,https://www.youtube.com/watch?v=UJ-W2-9ykjQ&pp=ygUXdHJhY2sgYW5kIGZpZWxkIHJ1bm5pbmc%3D
How to Breathe while Running - Proper Technique!,https://www.youtube.com/watch?v=TUkM1OhoGXs&pp=ygUXdHJhY2sgYW5kIGZpZWxkIHJ1bm5pbmc%3D
The Fastest 10-Year-Old In World History,https://www.youtube.com/watch?v=dYahL5UXmxs&pp=ygUXdHJhY2sgYW5kIGZpZWxkIHJ1bm5pbmc%3D
Track And Field - Running Up That Hill / Lyrics,https://www.youtube.com/watch?v=0xGbi6lYFO8&pp=ygUXdHJhY2sgYW5kIGZpZWxkIHJ1bm5pbmc%3D
5 year old Leighla Herriott | 400m Run Meet Record,https://www.youtube.com/watch?v=9R3qlXuf1ig&pp=ygUXdHJhY2sgYW5kIGZpZWxkIHJ1bm5pbmc%3D
Sha'Carri Richardson Is Officially UNMATCHED In The 100 Meters,https://www.youtube.com/watch?v=ZbJRp-keD38&pp=ygUXdHJhY2sgYW5kIGZpZWxkIHJ1bm5pbmc%3D
Sprinting: How to Coach / Teach for Physical Educators (PE): Track & Field (Athletics),https://www.youtube.com/watch?v=_v-Ck-xM6q4&pp=ygUXdHJhY2sgYW5kIGZpZWxkIHJ1bm5pbmc%3D
Women's 4x400 - 2019 NCAA Indoor Track and Field Championship,https://www.youtube.com/watch?v=Kubizp93T98&pp=ygUXdHJhY2sgYW5kIGZpZWxkIHJ1bm5pbmc%3D
These 6 Mistakes Are Killing Your Speed,https://www.youtube.com/watch?v=3a8xiP2GsB8&pp=ygUXdHJhY2sgYW5kIGZpZWxkIHJ1bm5pbmc%3D
NYRR Fastest Kid on the Block - Boys,https://www.youtube.com/watch?v=luBSMGFVjls&pp=ygUXdHJhY2sgYW5kIGZpZWxkIHJ1bm5pbmc%3D
Track and Field Tips: How to run the 400m,https://www.youtube.com/watch?v=omDXRm2Mqj0&pp=ygUXdHJhY2sgYW5kIGZpZWxkIHJ1bm5pbmc%3D
Top 10 Greatest Athletes In Track & Field History,https://www.youtube.com/watch?v=36eyOhNVre8&pp=ygUXdHJhY2sgYW5kIGZpZWxkIHJ1bm5pbmc%3D
Track N Field Events Explained,https://www.youtube.com/watch?v=cEs5hKLpbX0&pp=ygUXdHJhY2sgYW5kIGZpZWxkIHJ1bm5pbmc%3D
Ashley Henderson turned on the jets üî•üëè #shorts,https://www.youtube.com/shorts/kX928_e0wVg
8-Year-Old Drops Monster 800m Kick,https://www.youtube.com/watch?v=rD-dLHvgkUQ&pp=ygUXdHJhY2sgYW5kIGZpZWxkIHJ1bm5pbmc%3D
How to Breathe while Running - Proper Technique!,https://www.youtube.com/watch?v=TUkM1OhoGXs&pp=ygUXdHJhY2sgYW5kIGZpZWxkIHJ1bm5pbmc%3D
The Fastest Man IN The World! || Noah Lyles VS. Kishane Thompson - 100 Meter Breakdown,https://www.youtube.com/watch?v=UJ-W2-9ykjQ&pp=ygUXdHJhY2sgYW5kIGZpZWxkIHJ1bm5pbmc%3D
The Best Race Comeback You Will Ever See,https://www.youtube.com/watch?v=HRa7mQg73Eg&pp=ygUXdHJhY2sgYW5kIGZpZWxkIHJ1bm5pbmc%3D
The Fastest 10-Year-Old In World History,https://www.youtube.com/watch?v=dYahL5UXmxs&pp=ygUXdHJhY2sgYW5kIGZpZWxkIHJ1bm5pbmc%3D
"Dutee Chand wins 100m Heats at 61st Interstate Senior ,",https://www.youtube.com/shorts/cSKKGulXAdI
üöÄ 23 Top Sprint Finishes in Track & Field and Road History!,https://www.youtube.com/watch?v=FLj1f_WCCrE&pp=ygUXdHJhY2sgYW5kIGZpZWxkIHJ1bm5pbmc%3D
5 year old Leighla Herriott | 400m Run Meet Record,https://www.youtube.com/watch?v=9R3qlXuf1ig&pp=ygUXdHJhY2sgYW5kIGZpZWxkIHJ1bm5pbmc%3D
Julmis falls in hurdles and finishes the race,https://www.youtube.com/watch?v=BDnA3jobv_0&pp=ygUXdHJhY2sgYW5kIGZpZWxkIHJ1bm5pbmc%3D
The Most Entertaining 4x1 Of All Time,https://www.youtube.com/watch?v=7iz0w0Kd_o8&pp=ygUXdHJhY2sgYW5kIGZpZWxkIHJ1bm5pbmc%3D
Men's mile - 2019 NCAA Indoor Track and Field Championship,https://www.youtube.com/watch?v=_vAv4pBTLoo&pp=ygUXdHJhY2sgYW5kIGZpZWxkIHJ1bm5pbmc%3D
Incredible Finish In 8-Year-Old 4x1 National Championship,https://www.youtube.com/watch?v=WHp2zGOh5ck&pp=ygUXdHJhY2sgYW5kIGZpZWxkIHJ1bm5pbmc%3D
Rajgarh Track And Field üèüÔ∏èüèÉ‚Äç‚ôÇÔ∏è||#shorts #running #short #shortvideo #youtubeshorts #army #sports,https://www.youtube.com/shorts/rquVk89u1rU
NYRR Fastest Kid on the Block - Boys,https://www.youtube.com/watch?v=luBSMGFVjls&pp=ygUXdHJhY2sgYW5kIGZpZWxkIHJ1bm5pbmc%3D
the fastest mile ever run,https://www.youtube.com/shorts/5_VJ96Ru2gE
Rajgarh Track And Field üèüÔ∏èüèÉ‚Äç‚ôÇÔ∏è||#shorts #running #short #youtubeshorts #shortvideo #army #sports,https://www.youtube.com/shorts/okoupau1LVI
Sha'Carri Richardson Is Officially UNMATCHED In The 100 Meters,https://www.youtube.com/watch?v=ZbJRp-keD38&pp=ygUXdHJhY2sgYW5kIGZpZWxkIHJ1bm5pbmc%3D
We've NEVER Seen This Happen In Track & Field... || Historic 800 Meters Goes Down In Paris,https://www.youtube.com/watch?v=X4Nhzq3-2wU&pp=ygUXdHJhY2sgYW5kIGZpZWxkIHJ1bm5pbmc%3D
Middle & Long Distance Running: How to Teach / Coach (Track & Field - Athletics),https://www.youtube.com/watch?v=-5rMefWoYaY&pp=ygUXdHJhY2sgYW5kIGZpZWxkIHJ1bm5pbmc%3D
The Biggest SMACK DOWN In Track & Field History,https://www.youtube.com/watch?v=p5XVdKE2lkM&pp=ygUXdHJhY2sgYW5kIGZpZWxkIHJ1bm5pbmc%3D
Shelly-Ann Fraser-Pryce leads Jamaican 100m sweep üáØüá≤ | World Athletics Championships Oregon 22,https://www.youtube.com/watch?v=Y6Dsv4Iazac&pp=ygUXdHJhY2sgYW5kIGZpZWxkIHJ1bm5pbmc%3D
100-year-old and 102-year-old runners break world records,https://www.youtube.com/watch?v=tOzCoDvRqyk&pp=ygUXdHJhY2sgYW5kIGZpZWxkIHJ1bm5pbmc%3D
Sprinting: How to Coach / Teach for Physical Educators (PE): Track & Field (Athletics),https://www.youtube.com/watch?v=_v-Ck-xM6q4&pp=ygUXdHJhY2sgYW5kIGZpZWxkIHJ1bm5pbmc%3D
Sha'carri Richardson Winning ü•á,https://www.youtube.com/shorts/CJ1rauF6ras
sp athletics academy bhopal #army #200m #running #100m #400mtr #athlete #sports #5000mtr #3000m,https://www.youtube.com/shorts/JY0qF3SqQUQ
That did not go as planned üò≠üòÇ #shorts,https://www.youtube.com/shorts/sC9_dHj_bOM
Top 10 Greatest Athletes In Track & Field History,https://www.youtube.com/watch?v=36eyOhNVre8&pp=ygUXdHJhY2sgYW5kIGZpZWxkIHJ1bm5pbmc%3D
senior Boys 100 meters running || time 11:06 seconds #runner #boys #shorts #shortsfeed #ytshorts,https://www.youtube.com/shorts/M59-ls15his
Track And Field - Running Up That Hill / Lyrics,https://www.youtube.com/watch?v=0xGbi6lYFO8&pp=ygUXdHJhY2sgYW5kIGZpZWxkIHJ1bm5pbmc%3D
THIS is how to do it when things look hopeless! üí™üèª,https://www.youtube.com/watch?v=gNBLjkuOdeI&pp=ygUXdHJhY2sgYW5kIGZpZWxkIHJ1bm5pbmc%3D
The reality of biology,https://www.youtube.com/watch?v=-ym42lV1ka8&pp=ygUXdHJhY2sgYW5kIGZpZWxkIHJ1bm5pbmc%3D
Track Etiquette for Newbies,https://www.youtube.com/watch?v=W0K26kqGe3A&pp=ygUXdHJhY2sgYW5kIGZpZWxkIHJ1bm5pbmc%3D
How to run 100m Faster | The Skill of Relaxation,https://www.youtube.com/watch?v=eQAJDg-bbJ4&pp=ygUXdHJhY2sgYW5kIGZpZWxkIHJ1bm5pbmc%3D
This Has Never Happened In Track & Field History,https://www.youtube.com/watch?v=CZB5mdoSVPY&pp=ygUXdHJhY2sgYW5kIGZpZWxkIHJ1bm5pbmc%3D
The GREATEST Track Race of ALL TIME!!,https://www.youtube.com/watch?v=wuc9M_aHFVI&pp=ygUXdHJhY2sgYW5kIGZpZWxkIHJ1bm5pbmc%3D
#Athlete #Running #Sport #Track and Field #Bunch Start.#Practice time # Up Hill Practice.,https://www.youtube.com/shorts/mZ09s_4wURQ
Rajgarh Track And Field üèüÔ∏èüèÉ‚Äç‚ôÇÔ∏è||#shorts #running #short #youtubeshorts #shortvideo #army #indanarmy,https://www.youtube.com/shorts/c9NxDXL_6m4
Godspeed,https://www.youtube.com/watch?v=pNSWTwB-_bk&pp=ygUXdHJhY2sgYW5kIGZpZWxkIHJ1bm5pbmc%3D
Long Jump ||ü•µ ‚àÜ TRACK & FIELD ‚àÜ #shorts #trending #viral #tranding #short,https://www.youtube.com/shorts/Z52IcpLTP9Y
TOP 10 - 40 Greatest World Athletics Championships Moments | 10 - 1,https://www.youtube.com/watch?v=k0pvCEAaM3g&pp=ygUXdHJhY2sgYW5kIGZpZWxkIHJ1bm5pbmc%3D
ALL OUT 200 Meters vs Subscribers!,https://www.youtube.com/watch?v=2ka5AleJ48I&pp=ygUXdHJhY2sgYW5kIGZpZWxkIHJ1bm5pbmc%3D
#Athletics101: Passing baton for beginners in a Track and Field Relay [Athletics for Beginners],https://www.youtube.com/watch?v=P7l73zI7eNA&pp=ygUXdHJhY2sgYW5kIGZpZWxkIHJ1bm5pbmc%3D
Usain Bolt - Track & Training,https://www.youtube.com/watch?v=LEIxpcYukqc&pp=ygUXdHJhY2sgYW5kIGZpZWxkIHJ1bm5pbmc%3D
